New Arrival - ASUS TUF Gaming NVIDIA GeForce GTX 1660 Ti EVO OC Edition 6GB Graphics Card,429.99,Out of stock,https://www.adorama.com/asgtx1660ti6.html
New Arrival - ASUS Phoenix NVIDIA GeForce GTX 1660 6GB Overclocked Edition Graphics Card,349.99,Out of stock,https://www.adorama.com/asgtx16606gb.html
ASUS KO NVIDIA GeForce RTX 3070 V2 OC Edition 8GB GDDR6 Gaming Graphics Card,799.99,Out of stock,https://www.adorama.com/askor37o8gv2.html
EVGA GeForce RTX 3060 XC Gaming 12GB GDDR6 Graphics Card with Dual-Fan,499.99,Out of stock,https://www.adorama.com/ev12gp5357kr.html
EVGA GeForce RTX 3060 Ti XC Gaming 8GB GDDR6 Graphics Card,519.99,In stock,https://www.adorama.com/ev8gp53663kl.html
AVerMedia Live Gamer HD 2 Video Capture Card,129.99,In stock,https://www.adorama.com/avgc570.html
Apple Radeon Pro Vega II MPX Module,2801.40,In stock,https://www.adorama.com/acmw672ama.html
New Arrival - ASUS TUF Gaming NVIDIA GeForce RTX 3060 Ti V2 OC Edition 8GB GDDR6 Graphics Card,649.99,In stock,https://www.adorama.com/asrtx3060ti8.html
New Arrival - MSI NVIDIA GeForce RTX 3080 TI VENTUS 3X 12G Graphics Card OC,1999.99,In stock,https://www.adorama.com/msig38tv3x12.html
ASUS ROG Strix NVIDIA GeForce RTX 3060 OC 12GB GDDR6 Gaming Graphics Card,599.99,In stock,https://www.adorama.com/as9yvgc2m0aa.html
MSI GeForce RTX 3060 Gaming X 12GB GDDR6 Graphics Card| 3x DisplayPort| 1x HDMI,599.99,In stock,https://www.adorama.com/msig3060gx12.html
PNY Technologies GeForce RTX 3070 8GB XLR8 Gaming REVEL EPIC-X RGB Graphics Card,899.99,In stock,https://www.adorama.com/pn378ltfxppb.html
MSI NVIDIA GeForce RTX 3080 Ti Gaming X Trio 12GB GDDR6X Graphics Card,1779.00,Out of stock,https://www.adorama.com/msig38tgxt12.html
ASUS ROG Strix NVIDIA GeForce RTX 3070 Ti OC 8GB GDDR6X Gaming Graphics Card,999.99,Out of stock,https://www.adorama.com/as90yv0gwmaa.html
MSI GeForce GTX 1650 D6 AERO ITX OC 4GB GDDR6 Gaming Graphics Card,309.99,Out of stock,https://www.adorama.com/msig165d6aic.html
MSI Radeon RX 6800 XT Gaming X TRIO 16GB GDDR6 Graphics Card,1399.99,Out of stock,https://www.adorama.com/msir6800xg16.html
MSI Radeon RX 6800 Gaming X TRIO 16GB GDDR6 Graphics Card,1224.99,Out of stock,https://www.adorama.com/msir6800gx16.html
ASUS Dual Radeon RX 6600 8GB GDDR6 Graphics Card,469.00,Out of stock,https://www.adorama.com/asdrx6600.html
MSI GeForce GTX 1650 D6 Ventus XS OCV1 4GB GDDR6 Gaming Graphics Card,309.99,Out of stock,https://www.adorama.com/msig165d6vxc.html
New Arrival - ASUS Phoenix NVIDIA GeForce GT 1030 2GB Overclocked Edition Graphics Card,94.99,Out of stock,https://www.adorama.com/asgt10302goc.html
EVGAGe Force RTX 3080 10GB GDDR6X Gaming Graphic Card,899.00,Out of stock,https://www.adorama.com/ev1gp53881kl.html
New Arrival - ASUS NVIDIA GeForce GT 730 2GB GDDR5 Low Profile Graphics Card,79.99,Out of stock,https://www.adorama.com/asgt7302glow.html
EVGA GeForce RTX 3090 FTW3 Ultra 24GB GDDR6X Graphics Card| iCX3 Cooling,1999.99,Out of stock,https://www.adorama.com/ev24gp5987kr.html
EVGA GeForce GTX 1660 Super SC Ultra Gaming 6GB GDDR6 Graphics Card,399.99,Out of stock,https://www.adorama.com/ev06gp41068k.html
EVGA GeForce RTX 3060 Ti FTW3 8GB GDDR6 Gaming Graphics Card W/X17 Gaming Mouse,599.99,Out of stock,https://www.adorama.com/ev08gp53667b.html
Asus TUF Gaming NVIDIA GeForce RTX 3060 OC Edition 12GB GDDR6 Graphics Card,529.99,Out of stock,https://www.adorama.com/as90yv0gc0m0.html
EVGA GeForce RTX 3070 Ti FTW3 Ultra Gaming 8GB GDDR6X Graphics Card,899.99,Out of stock,https://www.adorama.com/ev8gp53797kl.html
EVGA GeForce GTX 1650 SC Ultra 4GB GDDR6 Gaming Graphics Card,210.00,Out of stock,https://www.adorama.com/ev4gp41257kr.html
EVGA GeForce RTX 3080 Ti FTW3 Ultra Gaming 12GB GDDR6X Graphics Card,1499.99,Out of stock,https://www.adorama.com/ev12g53967kr.html
ASUS TUF Gaming NVIDIA GeForce GTX 1650 OC Edition Graphics Card,219.99,Out of stock,https://www.adorama.com/asyv0ez2m0aa.html
EVGA GeForce RTX 3070 Ti FTW3 Ultra Gaming 8GB GDDR6X Graphics Card W/X17 Mouse,899.99,Out of stock,https://www.adorama.com/ev8gp53797ka.html
EVGA GeForce RTX 3060 Ti XC Gaming 8GB GDDR6 Graphics Card with Dual-Fan,409.99,Out of stock,https://www.adorama.com/ev8gp53663.html
PNY Technologies GeForce RTX 3060 12GB XLR8 Gaming RGB Graphics Card| Single Fan,489.99,Out of stock,https://www.adorama.com/pnvc12sfxppb.html
EVGA GeForce RTX 3080 Ti XC3 Ultra 12GB GDDR6X Gaming Graphics Card W/Keyboard,1429.99,Out of stock,https://www.adorama.com/ev12gp5395ka.html
Asus ROG Strix AMD Radeon RX 5700 XT OC Edition 8GB 1440p Gaming Graphics Card,599.99,Out of stock,https://www.adorama.com/asrsrx57xto8.html
ASUS TUF Gaming NVIDIA GeForce RTX 3070 8GB GDDR6 Graphic Card,749.99,Out of stock,https://www.adorama.com/astr3070o8g.html
EVGA GeForce RTX 3090 FTW3 U 24GB GDDR6X Graphics Card|iCX3 Cooling W/X17 Mouse,2049.99,Out of stock,https://www.adorama.com/ev24gp5987kb.html
EVGA GeForce RTX 3070 FTW3 Ultra Gaming 8GB GDDR6 Graphics Card,769.99,Out of stock,https://www.adorama.com/ev8gp53767kl.html
EVGA GeForce RTX 3080 Ti FTW3 Gaming 12GB GDR6X Graphics Card W/X17 Gaming Mouse,1549.99,Out of stock,https://www.adorama.com/ev12g5396krb.html
EVGA GeForce RTX 3080 XC3 Ultra Gaming 10GB GDDR6X Graphics Card W/Z15 Keyboard,979.99,Out of stock,https://www.adorama.com/ev1gp5385kla.html
EVGA GeForce RTX 3060 Ti FTW3 ULtra 8GB GDDR6 Gaming Graphics Card,549.99,Out of stock,https://www.adorama.com/ev08gp53667k.html
EVGA GeForce RTX 3070 XC3 Ultra 8GB GDDR6 Gaming Graphics Card,669.99,Out of stock,https://www.adorama.com/ev08g53755kl.html
ASUS TUF Gaming NVIDIA GeForce RTX 3080 V2 OC Edition 10GB GDDR6X Graphics Card,1149.99,Out of stock,https://www.adorama.com/asrtx3080v2.html
EVGA GeForce RTX 3080 FTW3 Ultra Gaming 10GB GDDR6X Graphics Card| iCX3 Cooling,949.99,Out of stock,https://www.adorama.com/ev10g53897kr.html
GeForce RTX 3070 XC3 Ultra 8GB GDDR6 Gaming Graphics Card With X17 Gaming Mouse,734.98,Out of stock,https://www.adorama.com/ev08g5375kla.html
EVGA GeForce RTX 3080 XC3 Black Gaming 10GB GDDR6X Graphics Card| iCX3 Cooling,769.99,Out of stock,https://www.adorama.com/ev10g53881kr.html
EVGA GeForce RTX 3090 XC3 Ultra 24GB GDDR6X Graphics Card W/EVGA X1 Gaming Mouse,1929.99,Out of stock,https://www.adorama.com/ev24gp575kra.html
MSI GeForce RTX 3090 Gaming X TRIO 24GB GDDR6X Gaming Graphics Card,2199.99,Out of stock,https://www.adorama.com/msig390gxt24.html
PNY Technologies GeForce RTX 3090 24GB XLR8 EPIC-X RGB Graphics Card| 2.7 Slot,2049.99,Out of stock,https://www.adorama.com/png309024tfb.html
EVGA GeForce RTX 3070 Ti XC3 Gaming 8GB GDDR6X Graphic Card,829.95,Out of stock,https://www.adorama.com/ev8gp53785kl.html
ASUS TUF Gaming NVIDIA RTX 3080 V2 OC Edition 10GB GDDR6X Card| W/Keyboard,1139.99,Out of stock,https://www.adorama.com/asrtx3080v2a.html
EVGA GeForce RTX 3080 Ti XC3 Ultra 12GB GDDR6X Gaming Graphics Card,1299.99,Out of stock,https://www.adorama.com/ev12gp53955k.html
ASUS ROG Strix NVIDIA GeForce RTX 3080 Ti OC Edition 12GB GDDR6X Graphics Card,1999.99,Out of stock,https://www.adorama.com/astrix3080ti.html
ASUS TUF Gaming NVIDIA GeForce RTX 3070 Ti OC 8GB GDDR6X Gaming Graphics Card,999.99,Out of stock,https://www.adorama.com/as90yv0gymaa.html
EVGA GeForce RTX 3060 Ti FTW3 Ultra Gaming 8GB GDDR6 Graphics Card| iCX3 Cooling,449.99,Out of stock,https://www.adorama.com/ev8gp53667.html
EVGA GeForce RTX 3080 XC3 Ultra Gaming 10GB GDDR6X Graphics Card| iCX3 Cooling,839.99,Out of stock,https://www.adorama.com/ev10g53885kr.html
ASUS ROG Strix NVIDIA GeForce RTX 3080 White 10GB GDDR6X Gaming Graphics Card,1299.99,Out of stock,https://www.adorama.com/as9yvfa5m0aa.html
EVGA GeForce RTX 3090 FTW3 24GB GDDR6X Graphics Card|iCX3 Cooling W/Z15 Keyboard,2149.99,Out of stock,https://www.adorama.com/ev24gp5987kc.html
ASUS Dual NVIDIA GeForce GTX 1660 SUPER EVO OC 6GB GDDR6 Gaming Graphics Card,239.99,Out of stock,https://www.adorama.com/as90yv0ds3m0.html
ASUS Phoenix NVIDIA GeForce GTX 1650 OC Edition Graphic Card,209.99,Out of stock,https://www.adorama.com/asyv0eh2m0aa.html
ASUS ROG Strix NVIDIA GeForce RTX 3060 Ti V2 OC 8GB GDDR6 Gaming Graphics Card,649.99,Out of stock,https://www.adorama.com/asgrtx3060ti.html
EVGA GeForce RTX 3090 XC3 Ultra 24GB GDDR6X Graphics Card| iCX3 Cooling,1799.99,Out of stock,https://www.adorama.com/ev24gp5975kr.html
ASUS ROG Strix Radeon RX 6700 XT OC Edition 12GB GDDR6 Gaming Graphics Card,849.99,Out of stock,https://www.adorama.com/as90yvg81maa.html
ASUS TUF Gaming Radeon RX 6700 XT OC Edition 12GB GDDR6 Graphics Card,899.99,Out of stock,https://www.adorama.com/as90yvg80maa.html
GeForce GTX 1660 SC Ultra Gaming 6GB GDDR5 Graphics Card W/EVGA X17 Gaming Mouse,394.98,Out of stock,https://www.adorama.com/ev6gp4167kra.html
ASUS ROG Strix NVIDIA GeForce RTX 3080 OC 10GB GDDR6X Gaming Graphics Card,1299.99,Out of stock,https://www.adorama.com/asrx3080o10g.html
PNY Technologies GeForce RTX 3060 Ti 8GB XLR8 Gaming EPIC-X RGB Graphics Card,564.99,Out of stock,https://www.adorama.com/pnvcg8dfxppb.html
EVGA GeForce RTX 3080 FTW3 Ultra Gaming 10GB GDDR6X Graphics Card,909.99,Out of stock,https://www.adorama.com/ev1gp53897kl.html
ASUS TUF NVIDIA GeForce GTX 1650 SUPER OC Edition 4GB GDDR6 Gaming Graphics Card,169.99,Out of stock,https://www.adorama.com/as90yv0e42m0.html
EVGA GeForce RTX 3090 XC3 24GB GDDR6X Black Gaming Graphics Card| iCX3 Cooling,1529.00,Out of stock,https://www.adorama.com/ev24gp5971kr.html
ASUS TUF Gaming NVIDIA GeForce RTX 3070 Ti OC 8GB GDDR6X Graphics Card W/ACC KIT,1299.99,Out of stock,https://www.adorama.com/as90yv0gymab.html
EVGA GeForce RTX 3070 XC3 8GB GDDR6 Black Gaming Graphics Card,599.99,Out of stock,https://www.adorama.com/ev8gp53751kl.html
ASUS TUF Gaming NVIDIA GeForce RTX 3090 OC Edition 24GB GDDR6X Graphics Card,2129.99,Out of stock,https://www.adorama.com/ast3090o24g.html
ASUS TUF Gaming NVIDIA GeForce RTX 3080 OC Edition 10GB GDDR6X Graphics Card,1149.99,Out of stock,https://www.adorama.com/astr3080o10g.html
PNY Technologies GeForce RTX 3080 10GB XLR8 EPIC-X RGB Graphics Card| Triple Fan,949.99,Out of stock,https://www.adorama.com/png30801tfxb.html
MSI NVIDIA GeForce RTX 3070 Ti VENTUS 3X OC 8GB GDDR6X Gaming Graphics Card,899.99,Out of stock,https://www.adorama.com/msig37tv3x8c.html
ASUS Phoenix NVIDIA GeForce RTX 3060 12GB GDDR6 Graphic Card,469.99,Out of stock,https://www.adorama.com/as90yv0gb4.html
EVGA GeForce RTX 3080 XC3 Ultra Gaming 10GB GDDR6X Graphics Card| iCX3 Cooling,949.99,Out of stock,https://www.adorama.com/ev1gp53885kl.html
PNY Technologies GeForce GTX 1660 Super 6GB Graphics Card| Single Fan,229.99,Out of stock,https://www.adorama.com/pn16606ssb.html
PNY Technologies GeForce RTX 3060 Ti 8GB UPRISING Gaming Graphics Card| Dual Fan,621.99,Out of stock,https://www.adorama.com/pnvcg8dfmpb.html
MSI NVIDIA GeForce RTX 3070 Ti Gaming X Trio 8GB GDDR6X Gaming Graphics Card,929.99,Out of stock,https://www.adorama.com/msig307tgxt8.html
EVGA GeForce RTX 3070 XC3 Ultra 8GB GDDR6 Gaming Graphics Card| iCX3 Cooling,699.99,Out of stock,https://www.adorama.com/ev08gp53755k.html
ASUS TUF Gaming GeForce GTX 1660 SUPER OC Edition 6GB GDDR6 Gaming Graphics Card,399.99,Out of stock,https://www.adorama.com/as90yv0dt2m0.html
ASUS TUF Gaming NVIDIA GeForce RTX 3080 Ti OC Edition 12GB GDDR6X Graphics Card,1899.99,Out of stock,https://www.adorama.com/as90yv0gu1.html
Blackmagic Design DeckLink Mini Monitor 4K PCIe Playback Card,195.00,In stock,https://www.adorama.com/bmlkmnimon4k.html
EVGA GeForce RTX 3070 XC3 8GB GDDR6 Black Gaming Graphics Card| iCX3 Cooling,629.99,Out of stock,https://www.adorama.com/ev08gp53751k.html
ASUS Dual Radeon RX 6700 XT 12GB GDDR6 Graphics Card,729.99,Out of stock,https://www.adorama.com/as90yvg82maa.html
EVGA GeForce RTX 3070 XC3 8GB GDDR6 Ultra Gaming Graphics Card| iCX3 Technology,779.99,Out of stock,https://www.adorama.com/ev08gp53767k.html
PNY Technologies GeForce RTX 3070 8GB XLR8 EPIC-X RGB Graphics Card| Triple Fan,679.99,Out of stock,https://www.adorama.com/png30708tfxb.html
PNY Technologies GeForce RTX 3090 24GB XLR8 EPIC-X RGB Graphics Card| Triple Fan,2149.99,Out of stock,https://www.adorama.com/png309024fxb.html
PNY Technologies GeForce RTX 3070 8GB Graphics Card| Dual Fan,699.99,Out of stock,https://www.adorama.com/png30708dfmb.html
ASUS ROG Strix NVIDIA GeForce RTX 3070 V2 OC 8GB GDDR6 Gaming Graphics Card,779.99,Out of stock,https://www.adorama.com/asgrtx3070.html
MSI GeForce GT 710 2GD3 LP 2GB GDDR3 Graphics Card| 1x DVI| 1x HDMI| 1x VGA,69.99,Out of stock,https://www.adorama.com/msig7102d3p.html
EVGA GeForce GTX 1660 SC Ultra Gaming 6GB GDDR5 Graphics Card,329.99,Out of stock,https://www.adorama.com/ev6gp4167kr.html
MSI GeForce GTX 1650 D6 Gaming X 4GB GDDR6 Graphics Card| 2x DisplayPort,309.99,Out of stock,https://www.adorama.com/msig165d6gx.html
MSI GeForce GTX 1650 D6 Ventus XS OC 4GB GDDR6 Gaming Graphics Card,309.99,Out of stock,https://www.adorama.com/msig165d6vsc.html
PNY GeForce GT1030 PCI-E 3.0 2 GB Graphics Card,145.99,Out of stock,https://www.gamestop.com/consoles-hardware/desktops-laptops/pc-components/video-cards/products/pny-geforce-gt1030-pci-e-3.0-2-gb-graphics-card/263325.html
EVGA GeForce RTX 3080 FTW3 Ultra Gaming Graphics Card,836.99,Out of stock,https://www.gamestop.com/consoles-hardware/desktops-laptops/pc-components/video-cards/products/geforce-rtx-3080-ftw3-ultra-gaming-graphics-card/309408.html
EVGA GeForce RTX 3060 TI FTW3 Ultra Gaming Graphics Card,529.99,Out of stock,https://www.gamestop.com/consoles-hardware/desktops-laptops/pc-components/video-cards/products/evga-geforce-rtx-3060-ti-ftw3-ultra-gaming-graphics-card/252772.html
EVGA GeForce RTX 3080 Ti 12GB GDDR6X Graphics Card,1429.99,Out of stock,https://www.gamestop.com/consoles-hardware/desktops-laptops/pc-components/video-cards/products/evga-geforce-rtx-3080-ti-12gb-gddr6x-graphics-card/304749.html
MSI GeForce RTX 3080 10 GB GDDR6X Suprim X Graphic Card,1079.99,Out of stock,https://www.gamestop.com/consoles-hardware/desktops-laptops/pc-components/video-cards/products/geforce-rtx-3080-10-gb-gddr6x-suprim-x-graphic-card/309410.html
EVGA GeForce RTX 3060 XC Gaming Graphics Card,368.99,Out of stock,https://www.gamestop.com/consoles-hardware/desktops-laptops/pc-components/video-cards/products/geforce-rtx-3060-xc-gaming-graphics-card/309405.html
EVGA GeForce RTX 3070 FTW3 Ultra Gaming Graphics Card,647.99,Out of stock,https://www.gamestop.com/consoles-hardware/desktops-laptops/pc-components/video-cards/products/geforce-rtx-3070-ftw3-ultra-gaming-graphics-card/309403.html
EVGA GeForce RTX 3090 FTW3 Ultra Gaming Graphics Card,1919.99,Out of stock,https://www.gamestop.com/consoles-hardware/desktops-laptops/pc-components/video-cards/products/evga-geforce-rtx-3090-ftw3-ultra-gaming-graphics-card/252769.html
ASUS TUF Gaming GeForce RTX 3060 OC Gaming Graphics Card,559.99,Out of stock,https://www.gamestop.com/consoles-hardware/desktops-laptops/pc-components/video-cards/products/asus-tuf-gaming-geforce-rtx-3060-oc-gaming-graphics-card/284701.html
ASUS GeForce RTX 3070 Dual Fan 8GB GDDR6 Gaming Graphics Card,749.99,Out of stock,https://www.gamestop.com/consoles-hardware/desktops-laptops/pc-components/video-cards/products/asus-geforce-rtx-3070-dual-fan-8gb-gddr6-gaming-graphics-card/264493.html
MSI GeForce RTX 3070 8 GB GDDR6 Gaming X Trio Graphic Card,819.99,Out of stock,https://www.gamestop.com/consoles-hardware/desktops-laptops/pc-components/video-cards/products/msi-geforce-rtx-3070-8-gb-gddr6-gaming-x-trio-graphic-card/242881.html
MSI GeForce RTX 3060 8 GB GDDR6 Ti Gaming X Trio Graphic Card,689.99,Out of stock,https://www.gamestop.com/consoles-hardware/desktops-laptops/pc-components/video-cards/products/msi-geforce-rtx-3060-8-gb-gddr6-ti-gaming-x-trio-graphic-card/242883.html
MSI GeForce RTX 3070 8 GB GDDR6 Suprim X Graphic Card,879.99,Out of stock,https://www.gamestop.com/consoles-hardware/desktops-laptops/pc-components/video-cards/products/msi-geforce-rtx-3070-8-gb-gddr6-suprim-x-graphic-card/242879.html
ASUS Strix RTX 3060 12GB Graphics Card,579.99,Out of stock,https://www.gamestop.com/consoles-hardware/desktops-laptops/pc-components/video-cards/products/asus-strix-rtx-3060-12gb-graphics-card/294751.html
MSI GeForce RTX 3090 SUPRIM X 24GB GDDR6X Graphics Card,2339.99,Out of stock,https://www.gamestop.com/consoles-hardware/desktops-laptops/pc-components/video-cards/products/msi-geforce-rtx-3090-suprim-x-24gb-gddr6x-graphics-card/242868.html
ASUS Dual-RTX3060-O12G Graphics Card,519.99,Out of stock,https://www.gamestop.com/consoles-hardware/desktops-laptops/pc-components/video-cards/products/asus-dual-rtx3060-o12g-graphics-card/294752.html
MSI GeForce RTX 3090 24 GB GDDR6X Gaming X Trio Graphic Card,2392.99,Out of stock,https://www.gamestop.com/consoles-hardware/desktops-laptops/pc-components/video-cards/products/msi-geforce-rtx-3090-24-gb-gddr6x-gaming-x-trio-graphic-card/242870.html
ASUS RTX 3070 DirectX 12 8G Graphics Card,849.99,Out of stock,https://www.gamestop.com/consoles-hardware/desktops-laptops/pc-components/video-cards/products/asus-rtx-3070-directx-12-8g-graphics-card/264495.html
TUF Gaming GeForce RTX 3070 Triple Fan 8GB GDDR6 Gaming Graphics Card,829.99,Out of stock,https://www.gamestop.com/consoles-hardware/desktops-laptops/pc-components/video-cards/products/tuf-gaming-geforce-rtx-3070-triple-fan-8gb-gddr6-gaming-graphics-card/264501.html
TUF Gaming Radeon RX 6700 XT OC Edition 12GB GDDR6,890.99,Out of stock,https://www.gamestop.com/consoles-hardware/desktops-laptops/pc-components/video-cards/products/tuf-gaming-radeon-rx-6700-xt-oc-edition-12gb-gddr6/309411.html
ROG STRIX RX6700XT O12G Graphics Card,919.99,Out of stock,https://www.gamestop.com/consoles-hardware/desktops-laptops/pc-components/video-cards/products/rog-strix-rx6700xt-o12g-graphics-card/264499.html
EVGA GeForce RTX 3080 XC3 ULTRA HYBRID GAMING| 10G-P5-3888-KL| 10GB GDDR6X| ARGB LED| Metal Backplate| LHR,909.99,Out of stock,https://www.evga.com//products/product.aspx?pn=10G-P5-3888-KL
EVGA GeForce RTX 3080 XC3 ULTRA HYDRO COPPER GAMING| 10G-P5-3889-KR| 10GB GDDR6X| ARGB LED| Metal Backplate,919.99,Out of stock,https://www.evga.com//products/product.aspx?pn=10G-P5-3889-KR
EVGA GeForce RTX 3080 FTW3 ULTRA HYBRID GAMING| 10G-P5-3898-KL| 10GB GDDR6X| ARGB LED| Metal Backplate| LHR,939.99,Out of stock,https://www.evga.com//products/product.aspx?pn=10G-P5-3898-KL
EVGA GeForce RTX 3080 FTW3 ULTRA HYDRO COPPER GAMING| 10G-P5-3899-KR| 10GB GDDR6X| ARGB LED| Metal Backplate,949.99,Out of stock,https://www.evga.com//products/product.aspx?pn=10G-P5-3899-KR
EVGA GeForce RTX 3080 Ti XC3 ULTRA HYBRID GAMING| 12G-P5-3958-KR| 12GB GDDR6X| ARGB LED| Metal Backplate,1429.99,Out of stock,https://www.evga.com//products/product.aspx?pn=12G-P5-3958-KR
EVGA GeForce RTX 3080 Ti XC3 ULTRA HYDRO COPPER GAMING| 12G-P5-3959-KR| 12GB GDDR6X| ARGB LED| Metal Backplate,1479.99,Out of stock,https://www.evga.com//products/product.aspx?pn=12G-P5-3959-KR
EVGA GeForce RTX 3080 Ti FTW3 ULTRA HYBRID GAMING| 12G-P5-3968-KR| 12GB GDDR6X| iCX3 Technology| ARGB LED| Metal Backplate,1479.99,Out of stock,https://www.evga.com//products/product.aspx?pn=12G-P5-3968-KR
EVGA GeForce RTX 3080 Ti FTW3 ULTRA HYDRO COPPER GAMING| 12G-P5-3969-KR| 12GB GDDR6X| ARGB LED| Metal Backplate,1529.99,Out of stock,https://www.evga.com//products/product.aspx?pn=12G-P5-3969-KR
EVGA GeForce RTX 3090 XC3 ULTRA HYBRID GAMING| 24G-P5-3978-KR| 24GB GDDR6X| ARGB LED| Metal Backplate,1749.99,Out of stock,https://www.evga.com//products/product.aspx?pn=24G-P5-3978-KR
EVGA GeForce RTX 3090 XC3 ULTRA HYDRO COPPER GAMING| 24G-P5-3979-KR| 24GB GDDR6X| ARGB LED| Metal Backplate,1779.99,Out of stock,https://www.evga.com//products/product.aspx?pn=24G-P5-3979-KR
EVGA GeForce RTX 3090 FTW3 ULTRA HYBRID GAMING| 24G-P5-3988-KR| 24GB GDDR6X| ARGB LED| Metal Backplate,1919.99,Out of stock,https://www.evga.com//products/product.aspx?pn=24G-P5-3988-KR
EVGA GeForce RTX 3090 FTW3 ULTRA HYDRO COPPER GAMING| 24G-P5-3989-KR| 24GB GDDR6X| ARGB LED| Metal Backplate,1969.99,Out of stock,https://www.evga.com//products/product.aspx?pn=24G-P5-3989-KR
EVGA GeForce RTX 3090 K|NGP|N HYBRID GAMING| 24G-P5-3998-KR| 24GB GDDR6X| iCX3 Technology| HYBRID Cooler| OLED Display| Metal Backplate,2119.99,Out of stock,https://www.evga.com//products/product.aspx?pn=24G-P5-3998-KR
EVGA GeForce RTX 3090 K|NGP|N HYDRO COPPER GAMING| 24G-P5-3999-KR| 24GB GDDR6X| iCX3 Technology| HYDRO COPPER Cooler| OLED Display| Metal Backplate,2349.99,Out of stock,https://www.evga.com//products/product.aspx?pn=24G-P5-3999-KR
EVGA GeForce RTX 3060 Ti FTW3 GAMING| 08G-P5-3665-KR| 8GB GDDR6| iCX3 Cooling| ARGB LED| Metal Backplate,509.99,Out of stock,https://www.evga.com//products/product.aspx?pn=08G-P5-3665-KR
EVGA GeForce RTX 3060 Ti FTW3 ULTRA GAMING| 08G-P5-3667-KL| 8GB GDDR6| iCX3 Cooling| ARGB LED| Metal Backplate| LHR,539.99,Out of stock,https://www.evga.com//products/product.aspx?pn=08G-P5-3667-KL
EVGA GeForce RTX 3070 FTW3 ULTRA GAMING| 08G-P5-3767-KL| 8GB GDDR6| iCX3 Technology| ARGB LED| Metal Backplate| LHR,719.99,Out of stock,https://www.evga.com//products/product.aspx?pn=08G-P5-3767-KL
EVGA GeForce RTX 3070 FTW3 ULTRA GAMING| 08G-P5-3767-KR| 8GB GDDR6| iCX3 Technology| ARGB LED| Metal Backplate,719.99,Out of stock,https://www.evga.com//products/product.aspx?pn=08G-P5-3767-KR
EVGA GeForce RTX 3070 Ti FTW3 ULTRA GAMING| 08G-P5-3797-KL| 8GB GDDR6X| iCX3 Technology| ARGB LED| Metal Backplate,829.99,Out of stock,https://www.evga.com//products/product.aspx?pn=08G-P5-3797-KL
EVGA GeForce RTX 3080 FTW3 GAMING| 10G-P5-3895-KR| 10GB GDDR6X| iCX3 Technology| ARGB LED| Metal Backplate,879.99,Out of stock,https://www.evga.com//products/product.aspx?pn=10G-P5-3895-KR
EVGA GeForce RTX 3080 FTW3 ULTRA GAMING| 10G-P5-3897-KL| 10GB GDDR6X| iCX3 Technology| ARGB LED| Metal Backplate| LHR,919.99,Out of stock,https://www.evga.com//products/product.aspx?pn=10G-P5-3897-KL
EVGA GeForce RTX 3080 Ti FTW3 ULTRA GAMING| 12G-P5-3967-KR| 12GB GDDR6X| iCX3 Technology| ARGB LED| Metal Backplate,1429.99,Out of stock,https://www.evga.com//products/product.aspx?pn=12G-P5-3967-KR
EVGA GeForce RTX 3090 FTW3 GAMING| 24G-P5-3985-KR| 24GB GDDR6X| iCX3 Technology| ARGB LED| Metal Backplate,1849.99,Out of stock,https://www.evga.com//products/product.aspx?pn=24G-P5-3985-KR
EVGA GeForce RTX 3090 FTW3 ULTRA GAMING| 24G-P5-3987-KR| 24GB GDDR6X| iCX3 Technology| ARGB LED| Metal Backplate,1919.99,Out of stock,https://www.evga.com//products/product.aspx?pn=24G-P5-3987-KR
EVGA GeForce GTX 1650 XC| OVERCLOCKED| 2.75 Slot Extreme Cool| 65C Gaming| 04G-P4-1153-KR| 4GB GDDR5,169.99,Out of stock,https://www.evga.com//products/product.aspx?pn=04G-P4-1153-KR
EVGA GeForce GTX 1660 Ti XC ULTRA GAMING| 06G-P4-1267-KR| 6GB GDDR6| Dual HDB Fans,369.99,Out of stock,https://www.evga.com//products/product.aspx?pn=06G-P4-1267-KR
EVGA GeForce RTX 2060 XC BLACK GAMING| 2.75 Slot Extreme Cool| 70C Gaming| 06G-P4-2061-KR| 6GB GDDR6,374.99,Out of stock,https://www.evga.com//products/product.aspx?pn=06G-P4-2061-KR
EVGA GeForce RTX 3060 XC BLACK GAMING| 12G-P5-3655-KR| 12GB GDDR6| Dual-Fan,399.99,Out of stock,https://www.evga.com//products/product.aspx?pn=12G-P5-3655-KR
EVGA GeForce RTX 3060 XC GAMING| 12G-P5-3657-KR| 12GB GDDR6| Dual-Fan| Metal Backplate,429.99,Out of stock,https://www.evga.com//products/product.aspx?pn=12G-P5-3657-KR
EVGA GeForce RTX 3060 Ti XC GAMING| 08G-P5-3663-KL| 8GB GDDR6| Dual-Fan| Metal Backplate| LHR,479.99,Out of stock,https://www.evga.com//products/product.aspx?pn=08G-P5-3663-KL
EVGA GeForce RTX 3060 Ti XC GAMING| 08G-P5-3663-KR| 8GB GDDR6| Dual-Fan| Metal Backplate,479.99,Out of stock,https://www.evga.com//products/product.aspx?pn=08G-P5-3663-KR
EVGA GeForce RTX 3070 XC3 BLACK GAMING| 08G-P5-3751-KR| 8GB GDDR6| iCX3 Cooling| ARGB LED,609.99,Out of stock,https://www.evga.com//products/product.aspx?pn=08G-P5-3751-KR
EVGA GeForce RTX 3070 Ti XC3 GAMING| 08G-P5-3783-KL| 8GB GDDR6X| iCX3 Cooling| ARGB LED| Metal Backplate,609.99,Out of stock,https://www.evga.com//products/product.aspx?pn=08G-P5-3783-KL
EVGA GeForce RTX 3070 XC3 GAMING| 08G-P5-3753-KR| 8GB GDDR6| iCX3 Cooling| ARGB LED| Metal Backplate,629.99,Out of stock,https://www.evga.com//products/product.aspx?pn=08G-P5-3753-KR
EVGA GeForce RTX 3070 XC3 ULTRA GAMING| 08G-P5-3755-KL| 8GB GDDR6| iCX3 Cooling| ARGB LED| Metal Backplate| LHR,659.99,Out of stock,https://www.evga.com//products/product.aspx?pn=08G-P5-3755-KL
EVGA GeForce RTX 3070 Ti XC3 ULTRA GAMING| 08G-P5-3785-KL| 8GB GDDR6X| iCX3 Cooling| ARGB LED| Metal Backplate,719.99,Out of stock,https://www.evga.com//products/product.aspx?pn=08G-P5-3785-KL
EVGA GeForce RTX 3080 XC3 BLACK GAMING| 10G-P5-3881-KL| 10GB GDDR6X| iCX3 Cooling| ARGB LED| LHR,809.99,Out of stock,https://www.evga.com//products/product.aspx?pn=10G-P5-3881-KL
EVGA GeForce RTX 3080 XC3 GAMING| 10G-P5-3883-KR| 10GB GDDR6X| iCX3 Cooling| ARGB LED| Metal Backplate,839.99,Out of stock,https://www.evga.com//products/product.aspx?pn=10G-P5-3883-KR
EVGA GeForce RTX 3080 XC3 ULTRA GAMING| 10G-P5-3885-KL| 10GB GDDR6X| iCX3 Cooling| ARGB LED| Metal Backplate| LHR,879.99,Out of stock,https://www.evga.com//products/product.aspx?pn=10G-P5-3885-KL
EVGA GeForce RTX 3080 Ti XC3 GAMING| 12G-P5-3953-KR| 12GB GDDR6X| iCX3 Cooling| ARGB LED| Metal Backplate,1209.99,Out of stock,https://www.evga.com//products/product.aspx?pn=12G-P5-3953-KR
EVGA GeForce RTX 3090 XC3 BLACK GAMING| 24G-P5-3971-KR| 24GB GDDR6X| iCX3 Cooling| ARGB LED,1609.99,Out of stock,https://www.evga.com//products/product.aspx?pn=24G-P5-3971-KR
EVGA GeForce RTX 3090 XC3 GAMING| 24G-P5-3973-KR| 24GB GDDR6X| iCX3 Cooling| ARGB LED| Metal Backplate,1669.99,Out of stock,https://www.evga.com//products/product.aspx?pn=24G-P5-3973-KR
EVGA GeForce RTX 3090 XC3 ULTRA GAMING| 24G-P5-3975-KR| 24GB GDDR6X| iCX3 Cooling| ARGB LED| Metal Backplate,1749.99,Out of stock,https://www.evga.com//products/product.aspx?pn=24G-P5-3975-KR
EVGA GeForce GT 1030 SC| 02G-P4-6332-KR| 2GB GDDR5| Passive| Low Profile,104.99,Out of stock,https://www.evga.com//products/product.aspx?pn=02G-P4-6332-KR
EVGA GeForce GT 1030 SC| 02G-P4-6338-KR| 2GB GDDR5| Single Slot,104.99,In stock,https://www.evga.com//products/product.aspx?pn=02G-P4-6338-KR
EVGA GeForce GT 1030 SC| 02G-P4-6333-KR| 2GB GDDR5| Low Profile,109.99,Out of stock,https://www.evga.com//products/product.aspx?pn=02G-P4-6333-KR
EVGA GeForce GTX 1650 SC ULTRA BLACK GAMING| 04G-P4-1055-KR| 4GB GDDR5| Dual Fan| Metal Backplate,159.99,Out of stock,https://www.evga.com//products/product.aspx?pn=04G-P4-1055-KR
EVGA GeForce GTX 1650 SC ULTRA GAMING| 04G-P4-1057-KR| 4GB GDDR5| Dual Fan| Metal Backplate,209.99,Out of stock,https://www.evga.com//products/product.aspx?pn=04G-P4-1057-KR
EVGA GeForce GTX 1650 SC ULTRA GDDR6 GAMING| 04G-P4-1257-KR| 4GB GDDR6| Dual Fan| Metal Backplate,209.99,Out of stock,https://www.evga.com//products/product.aspx?pn=04G-P4-1257-KR
EVGA GeForce GTX 1650 SUPER SC ULTRA BLACK GAMING| 04G-P4-1355-KR| 4GB GDDR6| Dual Fan| Metal Backplate,229.99,Out of stock,https://www.evga.com//products/product.aspx?pn=04G-P4-1355-KR
EVGA GeForce GTX 1660 SUPER SC ULTRA BLACK GAMING| 06G-P4-1066-KR| 6GB GDDR6| Dual Fan| Metal Backplate,234.99,Out of stock,https://www.evga.com//products/product.aspx?pn=06G-P4-1066-KR
EVGA GeForce GTX 1650 SUPER SC ULTRA GAMING| 04G-P4-1357-KR| 4GB GDDR6| Dual Fan| Metal Backplate,239.99,Out of stock,https://www.evga.com//products/product.aspx?pn=04G-P4-1357-KR
EVGA GeForce GTX 1660 Ti SC ULTRA GAMING| 06G-P4-1667-KR| 6GB GDDR6| Dual Fan| Metal Backplate,299.99,Out of stock,https://www.evga.com//products/product.aspx?pn=06G-P4-1667-KR
EVGA GeForce GTX 1660 SC ULTRA GAMING| 06G-P4-1067-KR| 6GB GDDR5| Dual Fan| Metal Backplate,309.99,Out of stock,https://www.evga.com//products/product.aspx?pn=06G-P4-1067-KR
EVGA GeForce GTX 1660 SUPER SC ULTRA GAMING| 06G-P4-1068-KR| 6GB GDDR6| Dual Fan| Metal Backplate,379.99,Out of stock,https://www.evga.com//products/product.aspx?pn=06G-P4-1068-KR
EVGA GeForce GTX 1650 KO GDDR6 GAMING| 04G-P4-1455-KR| 4GB GDDR6| Dual Fan| Metal Backplate,159.99,Out of stock,https://www.evga.com//products/product.aspx?pn=04G-P4-1455-KR
EVGA GeForce GTX 1650 KO ULTRA GDDR6 GAMING| 04G-P4-1457-KR| 4GB GDDR6| Dual Fan| Metal Backplate,169.99,Out of stock,https://www.evga.com//products/product.aspx?pn=04G-P4-1457-KR
EVGA GeForce 210 DDR3,39.99,Out of stock,https://www.evga.com//products/product.aspx?pn=01G-P3-1313-KR
EVGA GeForce GT 710 1GB (Single Slot| Low Profile),45.99,In stock,https://www.evga.com//products/product.aspx?pn=01G-P3-2711-KR
EVGA GeForce GT 710 2GB (Single Slot| Low Profile),54.99,Out of stock,https://www.evga.com//products/product.aspx?pn=02G-P3-2713-KR
EVGA GeForce GT 710 2GB (Single Slot| Dual DVI),54.99,Out of stock,https://www.evga.com//products/product.aspx?pn=02G-P3-2717-KR
EVGA GeForce GT 1030 DDR4| 02G-P4-6232-KR| 2GB SDDR4| Passive| Low Profile,89.99,Out of stock,https://www.evga.com//products/product.aspx?pn=02G-P4-6232-KR
EVGA GeForce GTX 1660 SUPER BLACK GAMING| 06G-P4-1061-KR| 6GB GDDR6| Single Fan,229.99,Out of stock,https://www.evga.com//products/product.aspx?pn=06G-P4-1061-KR
EVGA GeForce GTX 1660 BLACK GAMING| 06G-P4-1160-KR| 6GB GDDR5| Single Fan,229.99,Out of stock,https://www.evga.com//products/product.aspx?pn=06G-P4-1160-KR
EVGA GeForce GTX 1660 Ti XC ULTRA BLACK GAMING| 06G-P4-1265-KR| 6GB GDDR6| Dual HDB Fans,299.99,Out of stock,https://www.evga.com//products/product.aspx?pn=06G-P4-1265-KR
EVGA GeForce RTX 2060 12GB XC GAMING| 12G-P4-2263-KR| 12GB GDDR6| Dual Fans| Metal Backplate,419.99,Out of stock,https://www.evga.com//products/product.aspx?pn=12G-P4-2263-KR
EVGA GeForce RTX 3080 12GB XC3 ULTRA GAMING| 12G-P5-4865-KL| 12GB GDDR6X| iCX3 Cooling| ARGB LED| Metal Backplate| LHR,1249.99,Out of stock,https://www.evga.com//products/product.aspx?pn=12G-P5-4865-KL
EVGA GeForce RTX 3080 12GB FTW3 ULTRA GAMING| 12G-P5-4877-KL| 12GB GDDR6X| iCX3 Technology| ARGB LED| Metal Backplate| LHR,1299.99,Out of stock,https://www.evga.com//products/product.aspx?pn=12G-P5-4877-KL